{"vatRate": 0.06333333333333334, "incomeTaxRate": 1.0999999999999999}